{"vce_default_sidebar":{"categories-2":{"title":"Categories","count":1,"hierarchical":0,"dropdown":0},"vce_posts_widget-5":{"title":"Featured Posts","orderby":"date","category":0,"numposts":3,"title_limit":53,"date_limit":"0","style":"vce-post-slider","auto_detect":0},"mks_ads_widget-7":{"title":"","size":"large","num_per_view":1,"rotate":0,"randomize":0,"ad_width":0,"ad_height":0,"ads":[{"img":"http:\/\/mekshq.com\/static\/voice\/ad_300x250.jpg","link":"#"}]},"vce_posts_widget-9":{"title":"Featured Posts","orderby":"date","category":0,"numposts":3,"title_limit":53,"date_limit":"0","style":"vce-post-slider","auto_detect":0,"meta":"rtime"},"mks_flickr_widget-4":{"title":"Photo Stream","id":"116797173@N07","count":"9","t_width":"80","t_height":"80"}},"vce_default_sticky_sidebar":{"mks_ads_widget-8":{"title":"Advertisement","size":"small","num_per_view":4,"rotate":0,"randomize":0,"ad_width":0,"ad_height":0,"ads":[{"img":"http:\/\/mekshq.com\/static\/voice\/ad_125x125_blue.jpg","link":"#"},{"img":"http:\/\/mekshq.com\/static\/voice\/ad_125x125_green.jpg","link":"#"},{"img":"http:\/\/mekshq.com\/static\/voice\/ad_125x125_orange.jpg","link":"#"},{"img":"http:\/\/mekshq.com\/static\/voice\/ad_125x125_violet.jpg","link":"#"}]},"mks_themeforest_widget-4":{"title":"Meks on ThemeForest","description":"","user":"meks","num_items":6,"exclude":"","ref":"meks","orderby":"uploaded_on","more_link_url":"http:\/\/themeforest.net\/user\/meks\/portfolio?ref=meks","more_link_txt":"View more","order":"desc","items_type":["wordpress","site-templates"],"items_from":"user","target":"_blank"}},"vce_sidebar_1":{"mks_author_widget-6":{"title":"About the Author","author":1,"auto_detect":1,"display_name":1,"display_avatar":1,"display_desc":1,"display_all_posts":0,"name_to_title":0,"link_to_name":0,"link_to_avatar":0,"link_text":"View all posts","avatar_size":90}},"vce_sidebar_2":{"vce_posts_widget-10":{"title":"Featured Posts","orderby":"date","category":0,"numposts":5,"title_limit":53,"date_limit":"0","style":"vce-post-list","auto_detect":0}},"vce_sidebar_3":{"nav_menu-1":{"title":"Theme Options","nav_menu":42}},"vce_sidebar_5":{"vce_posts_widget-6":{"title":"Posts Widget - Big","orderby":"date","category":5,"numposts":3,"title_limit":53,"date_limit":"0","style":"vce-post-big","auto_detect":0},"vce_posts_widget-7":{"title":"Posts Widget - List","orderby":"date","category":4,"numposts":5,"title_limit":53,"date_limit":"0","style":"vce-post-list","auto_detect":0},"vce_posts_widget-8":{"title":"Posts Widget - Slider","orderby":"date","category":1,"numposts":4,"title_limit":53,"date_limit":"0","style":"vce-post-slider","auto_detect":0},"vce_video_widget-3":{"title":"Video Widget","video_id":"XsEMu5UCy0g","type":"youtube","height":165,"content":"Add responsive YoutTube or Vimeo videos very easily with this widget!"},"mks_ads_widget-9":{"title":"Advertisement Big","size":"large","num_per_view":1,"rotate":0,"randomize":0,"ad_width":0,"ad_height":0,"ads":[{"img":"http:\/\/mekshq.com\/static\/voice\/ad_300x250.jpg","link":"http:\/\/demo.mekshq.com\/voice"}]},"mks_ads_widget-10":{"title":"Advertisement Small","size":"small","num_per_view":4,"rotate":0,"randomize":0,"ad_width":0,"ad_height":0,"ads":[{"img":"http:\/\/mekshq.com\/static\/voice\/ad_125x125_blue.jpg","link":"http:\/\/demo.mekshq.com\/voice\/"},{"img":"http:\/\/mekshq.com\/static\/voice\/ad_125x125_green.jpg","link":"http:\/\/demo.mekshq.com\/voice\/"},{"img":"http:\/\/mekshq.com\/static\/voice\/ad_125x125_orange.jpg","link":"http:\/\/demo.mekshq.com\/voice\/"},{"img":"http:\/\/mekshq.com\/static\/voice\/ad_125x125_violet.jpg","link":"http:\/\/demo.mekshq.com\/voice\/"}]},"mks_author_widget-7":{"title":"About Author","author":3,"auto_detect":0,"display_name":1,"display_avatar":1,"display_desc":1,"display_all_posts":1,"name_to_title":0,"link_to_name":0,"link_to_avatar":0,"link_text":"View all posts","avatar_size":90},"vce_posts_widget-11":{"title":"Posts Widget - Big","orderby":"date","category":5,"numposts":3,"title_limit":53,"date_limit":"0","style":"vce-post-big","auto_detect":0,"meta":"rtime"},"vce_posts_widget-12":{"title":"Posts Widget - List","orderby":"date","category":4,"numposts":5,"title_limit":53,"date_limit":"0","style":"vce-post-list","auto_detect":0,"meta":"date"},"vce_posts_widget-13":{"title":"Posts Widget - Slider","orderby":"date","category":1,"numposts":4,"title_limit":53,"date_limit":"0","style":"vce-post-slider","auto_detect":0,"meta":"views"},"mks_flickr_widget-5":{"title":"Flickr Widget","id":"116797173@N07","count":"9","t_width":"80","t_height":"80"},"mks_social_widget-4":{"title":"Social Widget","content":"Add more than 40 social icons with this widget!","style":"rounded","size":48,"target":"_blank","social":[{"icon":"facebook","url":"http:\/\/demo.mekshq.com\/voice\/"},{"icon":"instagram","url":"http:\/\/demo.mekshq.com\/voice\/"},{"icon":"twitter","url":"http:\/\/demo.mekshq.com\/voice\/"},{"icon":"googleplus","url":"http:\/\/demo.mekshq.com\/voice\/"},{"icon":"youtube","url":"http:\/\/demo.mekshq.com\/voice\/"}]},"mks_themeforest_widget-5":{"title":"ThemeForest Widget","description":"You can showcase\/advertise yours or others ThemeForest items here with affiliate links as well!","user":"meks","num_items":6,"exclude":"","ref":"meks","orderby":"uploaded_on","more_link_url":"http:\/\/themeforest.net\/user\/meks\/portfolio?ref=meks","more_link_txt":"View more","order":"desc","items_type":["wordpress","site-templates"],"items_from":"user","target":"_blank"},"recent-comments-1":{"title":"Recent Comments","number":5},"recent-posts-1":{"title":"Recent Posts","number":5,"show_date":false}},"vce_footer_sidebar_1":{"vce_posts_widget-2":{"title":"Most Popular","orderby":"comment_count","category":3,"numposts":4,"title_limit":53,"date_limit":"0","style":"vce-post-list","auto_detect":0}},"vce_footer_sidebar_2":{"vce_posts_widget-4":{"title":"Talked About","orderby":"comment_count","category":0,"numposts":4,"title_limit":53,"date_limit":"0","style":"vce-post-list","auto_detect":0}},"vce_footer_sidebar_3":{"vce_video_widget-2":{"title":"Video of the Day","video_id":"XsEMu5UCy0g","type":"youtube","height":150,"content":""},"mks_social_widget-5":{"title":"Join Us","content":"","style":"rounded","size":47,"target":"_blank","social":[{"icon":"instagram","url":"#"},{"icon":"twitter","url":"#"},{"icon":"facebook","url":"#"},{"icon":"googleplus","url":"#"},{"icon":"pinterest","url":"#"},{"icon":"rss","url":"#"}]}}}